{"count":1,"self":19.8288624,"total":20.004949,"children":{"InitializeActuators":{"count":1,"self":0.00094699999999999993,"total":0.00094699999999999993,"children":null},"InitializeSensors":{"count":1,"self":0.011507999999999999,"total":0.011507999999999999,"children":null},"AgentSendState":{"count":921,"self":0.061687,"total":0.129113,"children":{"CollectObservations":{"count":307,"self":0.001673,"total":0.001673,"children":null},"WriteActionMask":{"count":307,"self":0.00035299999999999996,"total":0.00035299999999999996,"children":null},"RequestDecision":{"count":307,"self":0.0654,"total":0.0654,"children":null}}},"DecideAction":{"count":921,"self":0.0036609999999999998,"total":0.0036609999999999998,"children":null},"AgentAct":{"count":921,"self":0.029804999999999998,"total":0.029804999999999998,"children":null}},"gauges":{"Driver.CumulativeReward":{"count":1,"max":0.000183583281,"min":0.000183583281,"runningAverage":0.000183583281,"value":0.000183583281,"weightedAverage":0.000183583281}},"metadata":{"timer_format_version":"0.1.0","start_time_seconds":"1674097344","unity_version":"2021.3.16f1c1","command_line_arguments":"\/home\/wangning\/Unity\/Hub\/Editor\/2021.3.16f1c1\/Editor\/Unity -projectpath \/home\/wangning\/文档\/grid-sensor-master -useHub -hubIPC -cloudEnvironment production -licensingIpc LicenseClient-wangning -hubSessionId 7095a9f0-9193-11ed-a7fe-5930990c8bf4 -accessToken gdRZuHUNepsIhd13B_TlezaJX0xMKWk2AYq0sPjgHiU01ef","communication_protocol_version":"1.5.0","com.unity.ml-agents_version":"2.1.0-exp.1","scene_name":"Driver","end_time_seconds":"1674097364"}}