{"count":1,"self":121.4475904,"total":122.664626,"children":{"InitializeActuators":{"count":1,"self":0.0013729999999999999,"total":0.0013729999999999999,"children":null},"InitializeSensors":{"count":1,"self":0.007135,"total":0.007135,"children":null},"AgentSendState":{"count":729,"self":0.003806,"total":1.0129299999999999,"children":{"GridSensor.Update":{"count":243,"self":0.93368299999999993,"total":0.93368299999999993,"children":null},"CollectObservations":{"count":243,"self":0.0016589999999999999,"total":0.0016589999999999999,"children":null},"WriteActionMask":{"count":243,"self":0.00034199999999999996,"total":0.00034199999999999996,"children":null},"RequestDecision":{"count":243,"self":0.040109,"total":0.073439999999999991,"children":{"GridSensor.GetCompressedObservation":{"count":243,"self":0.033331,"total":0.033331,"children":null}}}}},"DecideAction":{"count":729,"self":0.0031609999999999997,"total":0.0031609999999999997,"children":null},"AgentAct":{"count":729,"self":0.18326599999999998,"total":0.1924,"children":{"GridSensor.Update":{"count":1,"self":0.008786,"total":0.008786,"children":null},"GridSensor.GetCompressedObservation":{"count":1,"self":0.000348,"total":0.000348,"children":null}}}},"gauges":{"Driver.CumulativeReward":{"count":1,"max":1468.87378,"min":1468.87378,"runningAverage":1468.87378,"value":1468.87378,"weightedAverage":1468.87378}},"metadata":{"timer_format_version":"0.1.0","start_time_seconds":"1678700028","unity_version":"2021.3.18f1c1","command_line_arguments":"\/home\/zhangyu\/Unity\/Hub\/Editor\/2021.3.18f1c1\/Editor\/Unity -projectpath \/home\/zhangyu\/AutoPark_Lib -useHub -hubIPC -cloudEnvironment production -licensingIpc LicenseClient-zhangyu -hubSessionId ccc56cd0-c148-11ed-aa6c-5b87bd53f00f -accessToken DEeToYzYyMqP8D9HJHfFRgiuy5s6CQXgpDu5cMYyOw001ef","communication_protocol_version":"1.5.0","com.unity.ml-agents_version":"2.1.0-exp.1","scene_name":"ParkCar","end_time_seconds":"1678700151"}}