{"count":1,"self":41.739868799999996,"total":44.369977999999996,"children":{"InitializeActuators":{"count":1,"self":0.0015689999999999999,"total":0.0015689999999999999,"children":null},"InitializeSensors":{"count":1,"self":0.005092,"total":0.005092,"children":null},"AgentSendState":{"count":2176,"self":0.012126999999999999,"total":0.49998299999999996,"children":{"GridSensor.Update":{"count":726,"self":0.47909799999999997,"total":0.47909799999999997,"children":null},"CollectObservations":{"count":726,"self":0.002629,"total":0.002629,"children":null},"WriteActionMask":{"count":726,"self":0.0011279999999999999,"total":0.0011279999999999999,"children":null},"RequestDecision":{"count":726,"self":0.0050009999999999994,"total":0.0050009999999999994,"children":null}}},"DecideAction":{"count":2176,"self":1.449021,"total":1.461789,"children":{"GridSensor.Write":{"count":726,"self":0.012768,"total":0.012768,"children":null}}},"AgentAct":{"count":2176,"self":0.644911,"total":0.660756,"children":{"GridSensor.Update":{"count":20,"self":0.015844999999999998,"total":0.015844999999999998,"children":null}}}},"gauges":{"Driver.CumulativeReward":{"count":20,"max":1842.52966,"min":1836.77185,"runningAverage":1842.19116,"value":1842.52966,"weightedAverage":1842.51733}},"metadata":{"timer_format_version":"0.1.0","start_time_seconds":"1680831164","unity_version":"2021.3.18f1c1","command_line_arguments":"\/home\/yuzhang\/Unity\/Hub\/Editor\/2021.3.18f1c1\/Editor\/Unity -projectpath \/home\/yuzhang\/AutoPark_Lib -useHub -hubIPC -cloudEnvironment production -licensingIpc LicenseClient-yuzhang -hubSessionId 2f1dcd50-d45e-11ed-b46d-09d1a5d0344a -accessToken UIIM2avOXSsnOLky_s-gqLLD64bFQs5TijbopzaW2_801ef","communication_protocol_version":"1.5.0","com.unity.ml-agents_version":"2.1.0-exp.1","scene_name":"ROSParkCar","end_time_seconds":"1680831208"}}