{"count":1,"self":15.969923199999998,"total":16.970749299999998,"children":{"InitializeActuators":{"count":1,"self":0.00099739999999999985,"total":0.00099739999999999985,"children":null},"InitializeSensors":{"count":1,"self":0.0079787,"total":0.0079787,"children":null},"AgentSendState":{"count":619,"self":0.0029636999999999997,"total":0.1406435,"children":{"GridSensor.Update":{"count":207,"self":0.1306519,"total":0.1306519,"children":null},"CollectObservations":{"count":207,"self":0.0010322999999999999,"total":0.0010322999999999999,"children":null},"WriteActionMask":{"count":207,"self":0.0010000999999999999,"total":0.0010000999999999999,"children":null},"RequestDecision":{"count":207,"self":0.0049955,"total":0.0049955,"children":null}}},"DecideAction":{"count":619,"self":0.6343321,"total":0.6373565,"children":{"GridSensor.Write":{"count":207,"self":0.0030244,"total":0.0030244,"children":null}}},"AgentAct":{"count":619,"self":0.2128531,"total":0.2128531,"children":null}},"gauges":{},"metadata":{"timer_format_version":"0.1.0","start_time_seconds":"1681263567","unity_version":"2021.3.18f1c1","command_line_arguments":"D:\\Unity\\2021.3.18f1c1\\Editor\\Unity.exe -projectpath D:\\AutoPark_Lib -useHub -hubIPC -cloudEnvironment production -licensingIpc LicenseClient-86114 -hubSessionId 9839c240-d8d1-11ed-bb66-51140d272f7e -accessToken 5I-8ww6zsmqIRDARIgoUL7b38uz30HwTXX0JAG2tjR801ef","communication_protocol_version":"1.5.0","com.unity.ml-agents_version":"2.1.0-exp.1","scene_name":"ShovelCar","end_time_seconds":"1681263584"}}