{"count":1,"self":4160.8294399999995,"total":16594.160355,"children":{"InitializeActuators":{"count":1,"self":0.001695,"total":0.001695,"children":null},"InitializeSensors":{"count":1,"self":0.0079919999999999991,"total":0.0079919999999999991,"children":null},"AgentSendState":{"count":3153451,"self":13.3493272,"total":6272.681224,"children":{"GridSensor.Update":{"count":1051151,"self":5870.7058688,"total":5870.705994,"children":null},"CollectObservations":{"count":1051151,"self":4.74104,"total":4.74104,"children":null},"WriteActionMask":{"count":1051151,"self":0.98347999999999991,"total":0.98347999999999991,"children":null},"RequestDecision":{"count":1051151,"self":4.7071888,"total":382.901383,"children":{"AgentInfo.ToProto":{"count":1051151,"self":5.200296,"total":378.194194,"children":{"GenerateSensorData":{"count":1051151,"self":200.5467136,"total":372.993898,"children":{"GridSensor.GetCompressedObservation":{"count":1051151,"self":172.44718079999998,"total":172.447183,"children":null}}}}}}}}},"DecideAction":{"count":3153451,"self":5259.4671616,"total":5259.4671579999995,"children":null},"AgentAct":{"count":3153451,"self":898.16176639999992,"total":901.171432,"children":{"GridSensor.Update":{"count":531,"self":2.8192299999999997,"total":2.8192299999999997,"children":null},"AgentInfo.ToProto":{"count":531,"self":0.0023,"total":0.190431,"children":{"GenerateSensorData":{"count":531,"self":0.10103799999999999,"total":0.188131,"children":{"GridSensor.GetCompressedObservation":{"count":531,"self":0.08709299999999999,"total":0.08709299999999999,"children":null}}}}}}}},"gauges":{"ShoveDriver.CumulativeReward":{"count":531,"max":-1000,"min":-30338.39,"runningAverage":-17858.209,"value":-18253.7578,"weightedAverage":-17545.1777}},"metadata":{"timer_format_version":"0.1.0","start_time_seconds":"1677483957","unity_version":"2021.3.18f1c1","command_line_arguments":"\/home\/yuzhang\/Unity\/Hub\/Editor\/2021.3.18f1c1\/Editor\/Unity -projectpath \/home\/yuzhang\/AutoPark_Lib -useHub -hubIPC -cloudEnvironment production -licensingIpc LicenseClient-yuzhang -hubSessionId c1b2c2b0-b645-11ed-a771-ed04da0f1a15 -accessToken QqF0oXcRJQvwdjsuHwIBMWnYKBih8N0pOxzteEuhjYM01ef","communication_protocol_version":"1.5.0","com.unity.ml-agents_version":"2.1.0-exp.1","scene_name":"ShovelCar","end_time_seconds":"1677500551"}}