{"count":1,"self":185.9652992,"total":191.747108,"children":{"InitializeActuators":{"count":1,"self":0.001371,"total":0.001371,"children":null},"InitializeSensors":{"count":1,"self":0.011205,"total":0.011205,"children":null},"AgentSendState":{"count":9572,"self":0.037877999999999995,"total":1.161948,"children":{"GridSensor.Update":{"count":1596,"self":1.114665,"total":1.114665,"children":null},"CollectObservations":{"count":1596,"self":0.0013139999999999998,"total":0.0013139999999999998,"children":null},"WriteActionMask":{"count":1596,"self":0.002226,"total":0.002226,"children":null},"RequestDecision":{"count":1596,"self":0.0058649999999999996,"total":0.0058649999999999996,"children":null}}},"DecideAction":{"count":9572,"self":4.3372959999999994,"total":4.366438,"children":{"GridSensor.Write":{"count":1596,"self":0.029141999999999998,"total":0.029141999999999998,"children":null}}},"AgentAct":{"count":9572,"self":0.23909799999999998,"total":0.239668,"children":{"GridSensor.Update":{"count":1,"self":0.00057,"total":0.00057,"children":null}}},"GridSensor.Update":{"count":1,"self":0.00066199999999999994,"total":0.00066199999999999994,"children":null}},"gauges":{"Driver.CumulativeReward":{"count":2,"max":-41149.7734,"min":-41677.6445,"runningAverage":-41413.71,"value":-41149.7734,"weightedAverage":-41545.6758}},"metadata":{"timer_format_version":"0.1.0","start_time_seconds":"1676959484","unity_version":"2021.3.16f1c1","command_line_arguments":"\/home\/wangning\/Unity\/Hub\/Editor\/2021.3.16f1c1\/Editor\/Unity -projectpath \/home\/wangning\/文档\/grid-sensor-master -useHub -hubIPC -cloudEnvironment production -licensingIpc LicenseClient-wangning -hubSessionId 454ad630-b02e-11ed-a048-f59f7c781047 -accessToken dStsXiVI2_XfZ4OhkOKXeZ_WkvIbkufM_EG7n8ST2mw01ef","communication_protocol_version":"1.5.0","com.unity.ml-agents_version":"2.1.0-exp.1","scene_name":"SingleCar","end_time_seconds":"1676959676"}}